grappe,hhweight2021,hhweight_panel
2.0,171.61345,3413.5854
3.0,113.915825,3016.8088
4.0,100.64606,3496.775
9.0,1728.707,448.54214
11.0,209.74977,5116.225
12.0,223.21344,3871.738
13.0,224.94734,2054.4136
14.0,169.5566,2882.7463
15.0,153.06946,3948.622
16.0,1669.0518,433.06357
17.0,1424.1162,369.51093
18.0,2326.5571,603.66437
19.0,2371.1375,615.2315
20.0,3921.366,1017.4644
23.0,152.47194,3148.4463
25.0,1907.6082,494.96106
26.0,1321.9464,1042.7875
27.0,2190.9182,1728.2562
28.0,791.4135,384.17722
29.0,576.2784,220.27107
30.0,108.68538,77.88022
31.0,464.78326,214.32954
32.0,172.78189,221.55489
33.0,696.4956,549.4148
34.0,1660.0419,1196.4851
35.0,2483.0405,2160.3203
36.0,609.7093,450.78613
37.0,805.2517,595.3597
38.0,467.3532,1659.5072
39.0,2466.6064,1611.0209
40.0,1253.7725,807.65845
41.0,3464.8591,899.016
42.0,1025.7626,17766.617
43.0,1799.7883,20052.303
44.0,220.40486,2961.103
45.0,651.2392,13368.201
46.0,315.7646,5958.337
47.0,33.107563,1595.0585
48.0,523.77856,10950.882
52.0,2545.8923,1025.7704
53.0,4817.307,1159.5276
54.0,1104.8395,286.6692
55.0,1491.689,857.9995
56.0,2365.7253,1866.149
58.0,1477.596,1237.9137
60.0,1889.6669,1490.621
61.0,1867.668,1232.445
62.0,1958.768,1476.4573
63.0,393.42902,434.45178
64.0,1971.8263,1851.7031
65.0,292.49506,350.17715
66.0,300.76846,399.64386
67.0,400.53983,615.88947
68.0,503.94717,715.11615
69.0,215.32288,270.6181
70.0,525.0884,367.73108
71.0,107.36652,154.0991
72.0,144.9779,178.39558
73.0,1847.0521,1255.5045
74.0,2326.6387,1353.5458
75.0,2396.7761,1357.087
77.0,1617.7128,1266.0482
78.0,2545.6382,2008.0691
80.0,2702.5696,1914.5353
81.0,1132.4344,1528.3708
82.0,376.4876,542.5638
83.0,613.648,568.44714
84.0,335.35388,531.53125
85.0,494.48685,762.39307
86.0,585.83435,707.79535
87.0,669.81476,816.7725
88.0,1677.8583,1113.8784
89.0,712.6456,969.6379
90.0,776.49255,520.9199
91.0,321.69943,366.3207
92.0,497.49203,1300.7968
93.0,786.7869,1136.3201
94.0,628.05554,863.5062
95.0,876.9937,556.2174
96.0,1151.9833,793.2495
97.0,623.79645,949.9106
98.0,509.62418,332.9016
99.0,719.65076,391.22183
100.0,506.07474,458.5268
101.0,721.46216,440.03665
102.0,366.56366,265.69873
103.0,71.81898,149.89117
104.0,154.10277,339.5715
105.0,96.4364,259.72394
106.0,1991.7438,2342.43
107.0,1729.6722,3929.5088
108.0,3932.9663,157.29541
109.0,1521.958,57.849564
110.0,960.41425,1877.1168
111.0,910.0331,1100.7966
112.0,1776.5804,1185.9827
113.0,2101.9202,1679.3726
114.0,1991.7388,1326.3701
115.0,1175.3263,868.97284
116.0,635.67883,3446.0923
117.0,167.89514,634.55145
118.0,1998.8518,1202.8956
119.0,654.20935,3897.5642
120.0,323.04407,1559.0256
121.0,138.61957,482.69913
122.0,308.8069,1264.6963
123.0,346.42966,1360.3727
124.0,987.4372,3774.3794
125.0,784.04865,3633.1277
126.0,268.50644,630.94604
127.0,2730.9895,1703.9624
128.0,3333.3677,2630.659
131.0,1489.6306,1255.5417
132.0,189.35486,1050.8358
133.0,288.48105,877.971
134.0,1228.9452,1272.0621
135.0,2087.4343,50.296825
136.0,1194.273,31.15062
137.0,1931.1819,49.682716
138.0,608.549,26.93933
139.0,7869.6177,268.65146
140.0,1358.7177,671.76605
141.0,2055.7913,648.1677
142.0,1345.4443,1565.5679
143.0,1385.5756,979.87976
144.0,3055.2944,1880.3298
145.0,1014.3675,705.0987
146.0,911.8534,694.4511
147.0,1863.9003,1105.4825
148.0,888.5332,588.68066
149.0,365.37186,2221.8591
150.0,2099.448,1446.2135
151.0,1627.9534,1203.6208
152.0,453.70782,910.5046
153.0,1105.6172,2005.53
154.0,408.26315,606.16315
155.0,330.6733,665.086
156.0,774.9718,1345.9982
157.0,430.00192,944.6298
158.0,828.74664,1965.2671
159.0,363.95438,593.59515
160.0,371.30225,608.29694
161.0,760.6646,1230.5276
162.0,899.98425,1610.8401
163.0,1073.2863,2055.0818
164.0,2254.4268,3700.5786
165.0,2412.6975,4322.6963
166.0,539.5196,1076.3224
167.0,870.6103,2122.475
168.0,672.8797,1431.4078
169.0,654.5878,1747.9641
170.0,178.68163,200.10295
171.0,75.60843,256.68463
172.0,379.06876,195.8194
173.0,97.84229,183.81628
174.0,280.26996,371.26312
175.0,610.7686,808.5807
176.0,562.4208,885.3033
177.0,400.57175,793.3729
178.0,290.43558,540.62524
179.0,834.16815,1354.2433
180.0,1152.5222,1552.758
181.0,270.16513,298.02567
182.0,533.75,1091.3037
183.0,291.05267,262.9199
184.0,318.85156,284.89172
185.0,300.45697,509.7083
186.0,508.1221,1063.1497
187.0,956.26324,1168.5079
188.0,717.9412,900.4375
189.0,1260.6017,1615.1288
190.0,479.4977,740.2272
191.0,520.0338,508.78317
192.0,1214.045,1441.3485
193.0,848.4989,730.8764
194.0,235.44128,113.50263
195.0,1528.537,1414.9017
196.0,167.91595,83.75516
197.0,2103.4438,1107.3319
198.0,701.4298,367.39978
199.0,435.45966,223.93169
200.0,925.186,987.7616
201.0,676.64935,543.00946
202.0,1943.5573,1610.5796
203.0,755.4191,900.9688
204.0,2234.4998,1676.3899
205.0,628.65204,574.4259
206.0,435.55087,221.50142
207.0,1659.3563,1602.9583
208.0,1118.2593,1333.7189
209.0,976.43854,1164.573
210.0,1428.985,1575.686
211.0,873.1368,1041.3677
212.0,3203.0835,1969.0717
213.0,1276.2004,1179.0848
214.0,1275.5247,1234.0497
215.0,588.6356,847.86096
216.0,685.3055,1105.8213
217.0,1030.2314,1206.3899
218.0,377.23996,215.87155
219.0,739.0064,392.9468
220.0,327.813,237.11989
221.0,1041.8386,1414.9017
223.0,2010.5123,2278.7366
224.0,3086.4614,3525.2637
225.0,1455.228,1622.4207
226.0,1319.8872,1546.0847
227.0,680.3706,769.2015
228.0,382.01825,453.59192
229.0,757.36176,809.4887
230.0,462.5767,371.0665
231.0,818.4479,878.77905
232.0,2364.2483,1904.527
233.0,1611.2731,1274.6918
234.0,188.26784,205.86827
235.0,127.87577,139.91888
236.0,375.1591,395.08032
237.0,142.02736,158.75764
238.0,110.81002,131.70094
239.0,807.2576,723.4462
240.0,1173.9237,1282.4918
241.0,831.38776,36.440014
242.0,597.77826,30.306744
243.0,1287.0168,43.710983
244.0,2342.0183,73.34587
245.0,719.85614,24.763447
246.0,895.4776,31.70681
247.0,1641.8871,56.290535
248.0,870.2219,29.371744
249.0,312.89062,519.29205
250.0,328.66553,540.51416
251.0,1111.715,1555.8586
252.0,563.67285,935.584
253.0,280.19196,637.1811
254.0,1331.9381,2039.4015
255.0,386.40182,562.3953
256.0,262.46448,461.6482
257.0,1297.4144,1734.6432
258.0,703.7745,814.3865
259.0,838.2388,905.2759
260.0,323.20248,338.58258
261.0,141.13054,133.92554
262.0,54.34111,90.14382
263.0,166.45616,257.92215
264.0,101.856415,134.83618
265.0,62.09079,59.010815
266.0,1040.4877,1072.9429
267.0,648.60583,605.4854
268.0,1299.1042,1463.9617
269.0,1090.5599,1190.6361
270.0,3160.1536,1670.4512
271.0,644.67633,142.41457
272.0,407.52902,183.45363
273.0,300.60052,93.399254
274.0,1497.9331,881.47076
275.0,1284.3424,1508.1213
276.0,1902.1877,1277.1627
278.0,669.5371,361.10742
279.0,988.37225,433.39743
280.0,980.5526,76.49349
282.0,1111.9376,1314.3241
283.0,129.35822,151.79529
284.0,122.8502,170.8652
285.0,56.57395,119.26555
286.0,107.750275,189.89175
287.0,200.19269,135.03313
288.0,578.4973,332.6418
289.0,1628.9642,1901.1158
290.0,823.5022,973.42487
291.0,685.6335,777.1321
292.0,557.8563,636.33606
293.0,484.88672,625.8752
294.0,1142.5358,31.219273
295.0,1726.6775,41.673252
296.0,1821.973,58.95089
297.0,892.0584,22.472954
298.0,4571.7695,128.57515
299.0,824.09875,18.706244
300.0,2745.4927,96.36833
301.0,552.65796,22.147982
302.0,1489.1774,43.70856
303.0,1363.0817,37.30746
304.0,1789.476,40.354668
305.0,1969.6847,874.71173
306.0,1087.7363,630.2283
307.0,258.33597,84.81071
308.0,328.01987,143.277
309.0,288.8001,125.940704
310.0,1031.979,257.47318
311.0,937.55396,314.1947
312.0,610.6615,256.20667
313.0,450.90082,217.09537
314.0,326.36758,118.91414
315.0,496.38943,163.30511
316.0,611.72003,214.29848
317.0,2139.9043,874.3621
318.0,980.2187,454.15167
319.0,2305.7202,1172.757
320.0,1304.1292,720.4066
321.0,393.57495,613.73376
322.0,698.33453,875.8765
323.0,419.49133,53.527206
324.0,420.97406,505.13513
325.0,734.0237,99.83894
326.0,94.515625,46.50661
327.0,676.6081,1592.7662
328.0,80.29134,133.51349
329.0,311.37988,400.79398
330.0,82.631676,157.69704
331.0,133.48956,221.50963
332.0,248.37733,1072.9712
333.0,895.6068,2186.1497
334.0,202.2662,173.7747
335.0,76.45228,76.30134
336.0,118.054634,114.923004
337.0,866.5829,1322.8369
338.0,193.45789,175.09923
339.0,151.98004,133.27206
340.0,819.94135,1544.9235
341.0,939.99945,1005.01154
342.0,470.9477,677.4823
343.0,1402.596,2054.7437
344.0,1328.001,2359.034
345.0,872.8871,1593.5342
346.0,1440.3593,1624.1443
347.0,925.84674,1551.9556
349.0,270.1469,416.5959
350.0,159.87144,196.81696
351.0,153.85307,142.49124
352.0,613.6357,1166.5768
353.0,424.00992,794.9437
354.0,502.77594,1022.09595
355.0,684.4128,1756.7274
356.0,1414.4695,3681.9082
357.0,229.81349,300.20703
358.0,252.73526,180.68109
359.0,205.67783,173.17166
360.0,283.05475,146.16936
361.0,61.495228,108.42559
362.0,130.17061,111.455505
363.0,107.48252,175.42212
364.0,659.4747,1418.8953
365.0,346.22418,1337.8156
366.0,482.5999,1694.4636
367.0,758.7143,2485.6382
368.0,302.00723,514.327
370.0,888.577,1600.3065
371.0,804.66174,1524.2194
372.0,167.90108,85.41622
373.0,440.1043,259.02795
374.0,326.7441,151.33578
375.0,139.64848,68.41206
376.0,340.82153,171.37569
377.0,314.20062,547.5486
378.0,125.4596,131.87122
379.0,224.31123,188.02284
380.0,314.36023,120.07016
381.0,412.5978,216.46005
382.0,112.60482,119.45388
383.0,862.9209,1455.2787
384.0,981.877,2774.4092
385.0,497.89297,867.66406
386.0,986.2233,1740.6978
387.0,110.02608,130.24605
388.0,135.74098,75.88235
389.0,244.05785,111.947014
390.0,101.63426,114.79313
391.0,364.8472,635.8089
393.0,885.90405,1904.0695
394.0,1118.9542,1816.512
395.0,1001.2987,992.8079
396.0,619.94745,1227.6875
397.0,1372.4698,2542.19
398.0,1744.4257,2542.19
399.0,386.57812,79.73704
400.0,123.60377,68.99429
401.0,115.92992,35.5409
402.0,304.2469,543.2939
403.0,318.54443,533.4904
404.0,543.6872,848.31476
405.0,315.0924,673.4278
406.0,1236.4769,3320.7126
407.0,394.5221,136.33548
408.0,1868.2126,264.15833
409.0,1543.8021,166.57094
410.0,1836.0438,249.56767
411.0,1712.7612,222.45831
412.0,1548.1509,224.93636
413.0,772.69653,102.639305
414.0,783.12195,886.0469
415.0,469.76575,509.18277
416.0,980.1241,1260.3971
417.0,461.22342,519.92065
418.0,446.62717,557.96576
419.0,295.05603,262.95782
420.0,585.2197,549.7477
421.0,353.6265,359.37143
422.0,321.21005,31.558468
423.0,820.1781,91.696106
424.0,268.5902,313.58542
425.0,789.1682,1005.636
426.0,345.42236,362.02896
427.0,1341.4589,2057.829
428.0,748.036,169.2061
429.0,498.21414,83.085884
430.0,474.0957,58.84862
431.0,522.7361,116.86019
432.0,632.68646,93.207565
433.0,1545.5592,289.54172
434.0,1065.7823,195.84464
435.0,817.7866,136.77585
436.0,310.3697,57.140896
437.0,937.6851,1277.2311
438.0,436.13934,746.6085
439.0,478.91855,1184.2687
440.0,713.68256,1142.7682
441.0,1496.9927,2514.09
442.0,845.3043,902.59955
443.0,430.4752,1090.7692
444.0,1737.0764,2722.807
445.0,1024.1547,1409.0267
446.0,1979.2797,2413.5264
447.0,737.00555,1215.9651
448.0,423.05927,715.3493
449.0,771.40686,1338.3832
450.0,869.22876,1173.242
451.0,630.26514,946.86505
452.0,1090.5369,267.2204
453.0,1664.4274,565.557
454.0,388.6222,466.65552
455.0,196.3989,150.241
456.0,1001.6774,293.90363
457.0,659.98724,222.36554
458.0,2053.2937,640.5592
459.0,1411.0587,474.7674
460.0,1006.4894,262.04694
461.0,4358.4062,1229.1484
462.0,4023.1443,2295.1357
463.0,1045.8901,390.41678
464.0,203.25974,151.67186
465.0,191.15855,70.573845
466.0,342.40598,247.73071
467.0,2090.4573,549.3737
469.0,1906.3309,274.88898
470.0,1917.6323,542.25555
474.0,486.2184,363.1332
475.0,276.06918,215.50987
476.0,240.3361,146.6894
477.0,386.63782,285.58264
478.0,862.81024,1088.1882
479.0,597.35547,939.18427
480.0,454.16162,591.1921
481.0,454.74875,448.08786
482.0,223.23526,371.59607
483.0,155.7019,279.47772
484.0,169.15964,212.3406
485.0,271.8165,355.22403
486.0,173.89755,226.62361
487.0,133.49617,232.09323
488.0,1073.0562,662.60443
489.0,791.52313,1074.3925
490.0,2352.8457,699.7557
491.0,1759.5532,559.63
492.0,1230.7454,436.7449
493.0,1877.3215,609.08826
495.0,1845.7604,598.8484
496.0,1538.9125,378.33026
497.0,2679.8977,893.10754
498.0,191.90236,133.71887
499.0,341.6866,256.57825
500.0,606.2113,91.416855
501.0,640.04254,39.166973
502.0,126.38521,57.17679
503.0,1247.9636,206.19946
504.0,857.2214,123.1925
505.0,2590.0674,372.17435
506.0,613.1027,69.74757
507.0,778.72125,101.016266
508.0,566.1655,245.8617
509.0,208.4744,128.61774
510.0,772.2118,407.61813
511.0,549.685,385.71802
512.0,1082.8687,34.265865
513.0,3646.303,30.128458
514.0,1098.9475,29.183994
515.0,1334.8402,35.379982
516.0,873.9718,21.77674
517.0,769.3414,19.242378
518.0,1904.7273,43.22742
519.0,2423.4253,36.70278
520.0,2955.9805,80.30694
521.0,844.8935,27.147856
522.0,682.8736,16.189728
523.0,1148.8832,25.844234
524.0,3776.5015,2017.5299
525.0,1567.0762,847.40295
526.0,2877.0676,1483.708
527.0,337.3594,95.820816
528.0,1335.7632,628.7465
529.0,326.46967,94.50116
530.0,267.4075,79.76245
531.0,742.2,418.76324
532.0,963.76013,532.95197
533.0,130.70706,335.47736
534.0,85.26299,293.20175
535.0,79.07585,232.98961
536.0,88.09221,360.46008
537.0,86.11996,156.75316
538.0,80.07315,229.38795
539.0,147.70529,359.03534
540.0,364.64072,927.2607
541.0,375.33246,537.4216
542.0,259.35962,499.98923
543.0,375.33246,910.5188
544.0,100.790436,202.37833
545.0,544.5496,404.471
549.0,998.8273,741.8914
552.0,6246.238,4639.4707
553.0,104.592186,330.54602
554.0,469.43875,1007.2561
555.0,1404.2037,1042.9899
556.0,2725.8074,2024.6273
557.0,4873.413,3619.788
558.0,3323.444,2468.5295
559.0,1714.7083,1273.6208
561.0,2882.7673,64.095245
562.0,770.2739,27.178259
563.0,1407.9874,27.707214
564.0,1117.9796,32.15974
565.0,1964.4818,29.960136
566.0,434.61038,15.081567
567.0,906.01263,23.963247
568.0,491.08426,454.08475
569.0,3060.05,1386.8483
570.0,4646.262,3492.4822
571.0,1498.1536,817.719
572.0,335.75998,363.50037
573.0,158.81189,269.15552
574.0,190.55266,270.35794
575.0,1353.2587,760.47516
576.0,919.8024,683.1947
577.0,1675.007,1244.1323
578.0,1424.8538,815.1097
579.0,2364.262,1846.6049
580.0,2212.3643,1236.8632
581.0,1463.0151,1669.7654
582.0,1947.5038,1617.6279
583.0,1217.7633,904.5088
584.0,583.96136,256.92523
585.0,910.28815,597.2463
