Model,Country,Accuracy,AUC-ROC,F1
Random Forest,Benin,0.7069223107569721,0.8047509572559237,0.6031692515171949
Random Forest,Burkina Faso,0.7297799814068795,0.8573928079348134,0.6609642301710731
Random Forest,Côte d'Ivoire,0.7596606247589665,0.845069694353672,0.5984536082474227
Random Forest,Guinea-Bissau,0.7628480657820969,0.8540092214896053,0.7431693989071039
Random Forest,Mali,0.7164251994139671,0.8438787684261466,0.6460788297440065
Random Forest,Niger,0.6795530051344005,0.8467192970706314,0.6057227796358231
Random Forest,Senegal,0.8063202247191011,0.8811672239837647,0.6923934865045729
Random Forest,Togo,0.754874651810585,0.8502303734831247,0.6316279069767442
XGBoost,Benin,0.763695219123506,0.8124930393505461,0.5753914988814318
XGBoost,Burkina Faso,0.7827703749612643,0.8597700126832917,0.6713548992030005
XGBoost,Côte d'Ivoire,0.7334361743154647,0.8359662691477288,0.4785757392878696
XGBoost,Guinea-Bissau,0.7680807325733507,0.8470101999617808,0.7300413313030237
XGBoost,Mali,0.7730750447664008,0.8478120019855265,0.6674618320610687
XGBoost,Niger,0.7509815765629719,0.8461818772068865,0.6315083798882681
XGBoost,Senegal,0.7928370786516854,0.8855531349932797,0.6094784220280646
XGBoost,Togo,0.7429588362735995,0.8606411461649224,0.5735558408215661
EBM (GAM),Benin,0.7384213147410359,0.7900399273741888,0.562929061784897
EBM (GAM),Burkina Faso,0.7675859931825225,0.8699962588851478,0.6800341296928327
EBM (GAM),Côte d'Ivoire,0.7260316236020053,0.8268966114900264,0.4593607305936073
EBM (GAM),Guinea-Bissau,0.7634087086525883,0.8619454785533556,0.7507874015748032
EBM (GAM),Mali,0.7584242226924955,0.8390256737541009,0.6527842770238652
EBM (GAM),Niger,0.7573240712775596,0.8375563000212085,0.6260181521992088
EBM (GAM),Senegal,0.7643258426966292,0.8508529320507737,0.5278559369724254
EBM (GAM),Togo,0.7065923862581244,0.813132576327691,0.4997361477572559
LightGBM,Benin,0.765687250996016,0.8149719505070881,0.5827050997782706
LightGBM,Burkina Faso,0.7787418655097614,0.8601416148841623,0.6682156133828996
LightGBM,Côte d'Ivoire,0.7365985345160047,0.8381198768176426,0.503128182744071
LightGBM,Guinea-Bissau,0.7617267800411138,0.8473479955688572,0.7132898583314594
LightGBM,Mali,0.7624938954908025,0.8454031203619728,0.6572703782006107
LightGBM,Niger,0.754001812141347,0.848624451650351,0.6341792050303167
LightGBM,Senegal,0.7974719101123595,0.8775988093469682,0.629305912596401
LightGBM,Togo,0.7547199009594553,0.8581663767798661,0.61650133075248
Logistic Regression,Benin,0.7085408366533864,0.7987876473038641,0.5981115879828326
Logistic Regression,Burkina Faso,0.7713046172916022,0.8611088299435182,0.6765994741454864
Logistic Regression,Côte d'Ivoire,0.7712302352487467,0.8447827608969408,0.6649344780840488
Logistic Regression,Guinea-Bissau,0.7514483274154363,0.8580291472636544,0.7466666666666667
Logistic Regression,Mali,0.7143089695588475,0.8424993499764251,0.6463832359460004
Logistic Regression,Niger,0.5998187858652975,0.8392776249158175,0.5647174770039421
Logistic Regression,Senegal,0.7956460674157303,0.8836194014033204,0.7238565192636174
Logistic Regression,Togo,0.7670999690498298,0.8596513591411732,0.6547373250745584
