feature,mean_abs_shap
hhsize,0.5886671912466339
ind_telpor,0.4014087331698917
ind_internet,0.346544976660849
hnation,0.23304241657191951
eqadu1,0.22248939209317672
eqadu2,0.22133757699796525
tv,0.22080706955344595
ind_mal30j,0.1885846556210025
indiv_count,0.183130527065431
hbranch,0.18102337146576067
superf,0.17421776037493167
hethnie,0.137350030789788
frigo,0.12496465535660385
car,0.12141174445861294
sol,0.11786006485000337
elec_ac,0.11740215808935185
ind_activ12m,0.11045343147291146
zae,0.10694906634313427
petitrum,0.10448770760713089
ind_activ7j,0.10160299647695346
toilet,0.10130111816810639
ind_bank,0.10091954598129702
ind_salaire,0.0994996964868873
hreligion,0.09893645783754264
ind_educ_hi,0.09868289145230752
decod,0.09392533756636062
sh_co_eco,0.09324082646120607
grosrum,0.08686694286571481
ind_diplome,0.08630996323872667
logem,0.08337879890523593
sh_id_demo,0.07571931403315421
ind_age,0.07524405676981732
elec_ur,0.07164104019056479
fer,0.07085823324725951
cuisin,0.06459535031845538
ind_scol,0.06424632040130504
ind_sexe,0.05998633450581686
ind_alfa,0.05957046743433129
hage,0.05773354370563072
ordure,0.054522206105173464
ordin,0.053868633439945794
milieu,0.053648045880902114
ind_hos12m,0.05050687040716153
volail,0.049862871808078225
hcsp,0.04899918623731273
sh_co_natu,0.04792661119099807
eauboi_sp,0.04767852324317986
sh_id_eco,0.04126761784028251
hmstat,0.03881159566114864
hgender,0.038011770496072364
eauboi_ss,0.03749658391683549
eva_eau,0.0352935397759876
eva_toi,0.030982479907958976
ind_alfa2,0.02721708104054367
mur,0.024677912340133713
ind_emploi_sec,0.023495617388356416
ind_moustiq,0.020254125982481268
ind_couvmal,0.01848130725418393
hsectins,0.017960365528233366
elec_ua,0.0179537527437559
toit,0.01725364550335944
hdiploma,0.013934167769114575
heduc,0.013754596557724494
halfa,0.01121574639453211
hactiv7j,0.007579914406304698
sh_co_vio,0.00510570586419639
hhandig,0.0037713495275815525
porc,0.003508425486310183
halfa2,0.003268830850346187
hactiv12m,0.0023047610617755836
ind_handig,0.001730663227609983
sh_co_oth,0.0004017829638483548
lapin,0.0
