Country,Cost Ratio,Threshold,Exclusion Error,Inclusion Error,Accuracy,Weighted Cost
Benin,1.0,0.3,0.21846943138093203,0.34709292113121376,0.6903635458167331,0.5655623525121458
Benin,2.0,0.15000000000000002,0.0940572894399316,0.5092218513964518,0.6116782868525896,0.697336430276315
Benin,3.0,0.05,0.026507054296707994,0.6762691024064641,0.5129482071713147,0.7557902652965881
Benin,5.0,0.05,0.026507054296707994,0.6762691024064641,0.5129482071713147,0.808804373890004
Benin,10.0,0.05,0.026507054296707994,0.6762691024064641,0.5129482071713147,0.9413396453735441
Burkina Faso,1.0,0.6000000000000001,0.25823045267489714,0.17383592017738358,0.8007437248218159,0.4320663728522807
Burkina Faso,2.0,0.35000000000000003,0.07716049382716049,0.38891352549889135,0.7049891540130152,0.5432345131532124
Burkina Faso,3.0,0.25,0.03292181069958848,0.4957871396895787,0.6436318562132011,0.5945525717883442
Burkina Faso,5.0,0.15000000000000002,0.00720164609053498,0.6088691796008869,0.5723582274558413,0.6448774100535618
Burkina Faso,10.0,0.15000000000000002,0.00720164609053498,0.6088691796008869,0.5723582274558413,0.6808856405062367
Côte d'Ivoire,1.0,0.1,0.22294232015554116,0.27735124760076774,0.7420748168145006,0.500293567756309
Côte d'Ivoire,2.0,0.05,0.12637718729747247,0.3850767754318618,0.7072888546085615,0.6378311500268068
Côte d'Ivoire,3.0,0.05,0.12637718729747247,0.3850767754318618,0.7072888546085615,0.7642083373242792
Côte d'Ivoire,5.0,0.05,0.12637718729747247,0.3850767754318618,0.7072888546085615,1.0169627119192242
Côte d'Ivoire,10.0,0.05,0.12637718729747247,0.3850767754318618,0.7072888546085615,1.6488486484065865
Guinea-Bissau,1.0,0.55,0.184304932735426,0.26209548221723805,0.7703233040553168,0.446400414952664
Guinea-Bissau,2.0,0.35000000000000003,0.07847533632286996,0.4229413649471323,0.720612969538404,0.5798920375928722
Guinea-Bissau,3.0,0.3,0.05739910313901345,0.4668375520666453,0.7037936834236591,0.6390348614836856
Guinea-Bissau,5.0,0.15000000000000002,0.019282511210762333,0.6273630246715797,0.6260512053821715,0.7237755807253914
Guinea-Bissau,10.0,0.1,0.008520179372197309,0.6892021787888497,0.5944683236778172,0.7744039725108228
Mali,1.0,0.4,0.173015873015873,0.3101340230425582,0.7320527429594661,0.4831498960584312
Mali,2.0,0.25,0.06878306878306878,0.4427462967317188,0.672309946280319,0.5803124342978563
Mali,3.0,0.2,0.046031746031746035,0.4965906418998354,0.6420315806609148,0.6346858799950735
Mali,5.0,0.1,0.015873015873015872,0.6383729132377145,0.5531499267458896,0.7177379926027938
Mali,10.0,0.05,0.005291005291005291,0.7258405831177992,0.49584893374572686,0.7787506360278521
Niger,1.0,0.45,0.19109357384441938,0.28362211221122113,0.7411658109332528,0.4747156860556405
Niger,2.0,0.3,0.07158962795941376,0.44533828382838286,0.6547870733917246,0.5885175397472104
Niger,3.0,0.2,0.02536640360766629,0.5686881188118812,0.5768649954696466,0.6447873296348801
Niger,5.0,0.15000000000000002,0.010710259301014656,0.6392326732673267,0.5291452733313199,0.6927839697724
Niger,10.0,0.15000000000000002,0.010710259301014656,0.6392326732673267,0.5291452733313199,0.7463352662774733
Senegal,1.0,0.15000000000000002,0.23282442748091603,0.22973540529189415,0.7692415730337079,0.4625598327728102
Senegal,2.0,0.05,0.07548770144189991,0.4506509869802604,0.6735955056179775,0.6016263898640603
Senegal,3.0,0.05,0.07548770144189991,0.4506509869802604,0.6735955056179775,0.6771140913059601
Senegal,5.0,0.05,0.07548770144189991,0.4506509869802604,0.6735955056179775,0.82808949418976
Senegal,10.0,0.05,0.07548770144189991,0.4506509869802604,0.6735955056179775,1.2055280013992595
Togo,1.0,0.15000000000000002,0.2563391442155309,0.25088877602844084,0.7469823584029712,0.5072279202439718
Togo,2.0,0.05,0.14778129952456417,0.38928390045708483,0.7050448777468276,0.6848464995062131
Togo,3.0,0.05,0.14778129952456417,0.38928390045708483,0.7050448777468276,0.8326277990307773
Togo,5.0,0.05,0.14778129952456417,0.38928390045708483,0.7050448777468276,1.1281903980799057
Togo,10.0,0.05,0.14778129952456417,0.38928390045708483,0.7050448777468276,1.8670968957027267
